<?xml version="1.0" encoding="UTF-8"?>
<hibernate-configuration>
<session-factory>
<property name="hbm2ddl.auto">update</property>
<property name="hiberate.dialect">org.hibernate.dialect.H2Dialect</property>
<property name="hibernate.connection.driver_class">org.h2.Driver</property>
<property name="hibernate.connection.url">jdbc:h2:tcp://localhost/~/testhib</property>
<property name="hibernate.connection.username">sa</property>
<property name="hibernate.connection.password"></property>
<mapping class="model.Product"></mapping>
<mapping class="model.Category"></mapping>
</session-factory>
</hibernate-configuration>