<beans xmlns="http://www.springframework.org/schema/beans"
xmlns:mvc="http://www.springframework.org/schema/mvc"
	xmlns:context="http://www.springframework.org/schema/context"
	xmlns:xsi="http://www.w3.org/2001/XMLSchema-instance"
	 xmlns:jdbc="http://www.springframework.org/schema/jdbc"
	 xmlns:webflow-config="http://www.springframework.org/schema/webflow-config"
xsi:schemaLocation="
http://www.springframework.org/schema/mvc
http://www.springframework.org/schema/mvc/spring-mvc-3.0.xsd
http://www.springframework.org/schema/beans     
http://www.springframework.org/schema/beans/spring-beans-3.0.xsd
http://www.springframework.org/schema/context 
http://www.springframework.org/schema/context/spring-context-3.0.xsd
http://www.springframework.org/schema/webflow-config
http://www.springframework.org/schema/webflow-config/spring-webflow-config-2.3.xsd">


   <mvc:default-servlet-handler/>
 
	<context:component-scan base-package="com.niit.controller"/>
	
<!-- 	<context:component-scan base-package="com.niit.EcommerceS180229BackEnd"/> -->
	<!--<context:component-scan base-package="com.niit.daoImpl"/>
	<context:component-scan base-package="com.niit.model"/>-->
	
	<mvc:annotation-driven />
	<bean
		class="org.springframework.web.servlet.view.InternalResourceViewResolver">
		<property name="prefix">
			<value>/WEB-INF/view/</value>
		</property>
		<property name="suffix">
			<value>.jsp</value>
		</property>	
	</bean>
	

	 
	
	<mvc:resources mapping="/resources/**" location="/resources/" />

		
</beans>